outcome,mean,sd,icc,DE,MDE,MDE_in_SD
agency_prop,0.8125555259663648,0.22904060189024358,0.06052344229146936,2.0288985189549793,0.47029217379076366,0.47029217379076366
aspirations_gap_w,54906.60125398746,132863.27596939926,0.12862173120858766,3.1865694305459904,0.5893852756322182,0.5893852756322182
