outcome,mean,sd,icc,DE,MDE
agency_prop,0.8125555259663648,0.22904060189024358,0.06052344229146936,2.0288985189549793,0.47029217379076366
aspirations_gap_w,54906.60125398746,132863.27596939926,0.12862173120858766,3.1865694305459904,0.5893852756322182
entrep_engage,0.12287810754572336,0.32829724067025756,0.06590369468645019,2.120362809669653,0.15783739723842283
labor_part,0.3425548330210515,0.47456403086935595,0.039361682981260374,1.6691486106814264,0.20243234680058206
